"length","sau","1990","1991","1992","1993","1994","1995","1996","1997","1998","1999","2000","2001","2002","2003","2004","2005","2006","2007","2008","2009","2010","2011","2012","2013","2014","2015","2016","2017","2018","2019","2020"
136,"6",0,0,0,0,0,0,0,0,0,0,0,0,0,0,0,0,0,0,3,25,0,6,12,0,0,0,0,0,0,0,0
138,"6",0,0,0,0,0,0,0,0,0,0,0,0,0,0,0,0,0,0,10,30,1,24,19,0,3,0,0,0,0,0,0
140,"6",0,0,0,0,0,0,0,0,0,0,0,0,0,0,0,0,0,0,28,65,9,43,39,0,19,9,0,0,0,0,0
142,"6",0,0,0,0,0,0,0,0,0,0,0,0,0,0,0,0,0,0,38,62,5,68,40,0,45,23,0,0,0,0,0
144,"6",0,0,0,0,0,0,0,0,0,0,0,0,0,0,0,0,0,0,36,73,9,63,48,0,66,39,0,0,0,0,18
146,"6",0,0,0,0,0,0,0,0,0,0,0,0,0,0,0,0,0,0,28,82,4,50,46,0,67,50,0,0,0,0,46
148,"6",0,0,0,0,0,0,0,0,0,0,0,0,0,0,0,0,0,0,41,103,10,54,43,0,81,52,0,0,0,0,44
150,"6",0,0,0,0,0,0,0,0,0,0,0,0,0,0,0,0,0,0,39,78,11,52,41,0,89,37,0,0,0,0,35
152,"6",0,0,0,0,0,0,0,0,0,0,0,0,0,0,0,0,0,0,25,72,11,52,39,0,101,51,0,0,0,0,35
154,"6",0,0,0,0,0,0,0,0,0,0,0,0,0,0,0,0,0,0,31,69,17,27,44,0,94,47,0,0,0,0,31
156,"6",0,0,0,0,0,0,0,0,0,0,0,0,0,0,0,0,0,0,18,50,5,39,43,0,82,36,0,0,0,0,24
158,"6",0,0,0,0,0,0,0,0,0,0,0,0,0,0,0,0,0,0,18,37,4,17,48,0,70,50,0,0,0,0,16
160,"6",0,0,0,0,0,0,0,0,0,0,0,0,0,0,0,0,0,0,17,27,1,15,29,0,54,45,0,0,0,0,11
162,"6",0,0,0,0,0,0,0,0,0,0,0,0,0,0,0,0,0,0,9,24,0,8,36,0,44,38,0,0,0,0,13
164,"6",0,0,0,0,0,0,0,0,0,0,0,0,0,0,0,0,0,0,13,20,3,7,31,0,17,33,0,0,0,0,5
166,"6",0,0,0,0,0,0,0,0,0,0,0,0,0,0,0,0,0,0,7,15,3,12,22,0,22,30,0,0,0,0,8
168,"6",0,0,0,0,0,0,0,0,0,0,0,0,0,0,0,0,0,0,11,11,2,9,26,0,12,16,0,0,0,0,1
170,"6",0,0,0,0,0,0,0,0,0,0,0,0,0,0,0,0,0,0,9,14,2,5,20,0,18,12,0,0,0,0,1
172,"6",0,0,0,0,0,0,0,0,0,0,0,0,0,0,0,0,0,0,1,9,1,2,18,0,5,6,0,0,0,0,0
174,"6",0,0,0,0,0,0,0,0,0,0,0,0,0,0,0,0,0,0,0,10,0,0,16,0,2,8,0,0,0,0,0
176,"6",0,0,0,0,0,0,0,0,0,0,0,0,0,0,0,0,0,0,7,6,0,0,3,0,2,4,0,0,0,0,2
178,"6",0,0,0,0,0,0,0,0,0,0,0,0,0,0,0,0,0,0,2,3,1,2,2,0,2,3,0,0,0,0,0
180,"6",0,0,0,0,0,0,0,0,0,0,0,0,0,0,0,0,0,0,2,2,0,2,1,0,1,5,0,0,0,0,0
182,"6",0,0,0,0,0,0,0,0,0,0,0,0,0,0,0,0,0,0,1,4,0,0,2,0,0,3,0,0,0,0,0
184,"6",0,0,0,0,0,0,0,0,0,0,0,0,0,0,0,0,0,0,2,1,1,0,2,0,0,2,0,0,0,0,0
186,"6",0,0,0,0,0,0,0,0,0,0,0,0,0,0,0,0,0,0,0,4,0,0,1,0,1,0,0,0,0,0,0
188,"6",0,0,0,0,0,0,0,0,0,0,0,0,0,0,0,0,0,0,0,1,0,0,0,0,0,0,0,0,0,0,0
190,"6",0,0,0,0,0,0,0,0,0,0,0,0,0,0,0,0,0,0,0,0,0,2,0,0,0,0,0,0,0,0,0
192,"6",0,0,0,0,0,0,0,0,0,0,0,0,0,0,0,0,0,0,0,0,0,0,0,0,1,1,0,0,0,0,0
194,"6",0,0,0,0,0,0,0,0,0,0,0,0,0,0,0,0,0,0,0,1,0,0,1,0,1,0,0,0,0,0,0
196,"6",0,0,0,0,0,0,0,0,0,0,0,0,0,0,0,0,0,0,0,0,0,0,0,0,0,0,0,0,0,0,0
198,"6",0,0,0,0,0,0,0,0,0,0,0,0,0,0,0,0,0,0,0,0,0,0,0,0,0,0,0,0,0,0,0
200,"6",0,0,0,0,0,0,0,0,0,0,0,0,0,0,0,0,0,0,0,0,0,0,0,0,1,0,0,0,0,0,0
202,"6",0,0,0,0,0,0,0,0,0,0,0,0,0,0,0,0,0,0,0,0,0,0,0,0,0,0,0,0,0,0,0
204,"6",0,0,0,0,0,0,0,0,0,0,0,0,0,0,0,0,0,0,0,0,0,0,0,0,0,0,0,0,0,0,0
206,"6",0,0,0,0,0,0,0,0,0,0,0,0,0,0,0,0,0,0,0,0,0,0,0,0,0,0,0,0,0,0,0
208,"6",0,0,0,0,0,0,0,0,0,0,0,0,0,0,0,0,0,0,0,0,0,0,0,0,0,0,0,0,0,0,0
210,"6",0,0,0,0,0,0,0,0,0,0,0,0,0,0,0,0,0,0,0,0,0,0,0,0,0,0,0,0,0,0,0
136,"7",0,1,0,0,0,0,0,0,0,0,0,5,1,1,0,2,0,0,16,3,5,20,0,0,0,0,0,0,0,0,0
138,"7",3,3,3,0,2,0,0,0,2,0,0,8,3,2,0,3,0,0,68,11,5,33,0,0,3,0,0,0,0,0,0
140,"7",35,14,23,12,4,5,0,0,2,0,0,26,23,5,1,18,2,0,128,15,34,64,4,15,2,5,0,0,0,0,0
142,"7",36,16,30,16,6,8,0,0,2,0,0,25,29,14,2,19,6,0,152,24,45,82,13,27,12,11,0,0,0,0,2
144,"7",35,23,27,14,6,12,0,0,7,0,0,38,34,22,5,38,18,0,169,27,65,109,16,17,17,22,0,0,0,0,5
146,"7",74,35,57,27,13,26,0,0,7,0,0,33,38,31,8,37,18,0,185,42,78,132,20,33,27,32,0,0,0,0,12
148,"7",55,24,19,17,6,16,0,0,12,0,0,25,47,38,8,34,12,0,153,44,76,134,25,40,54,38,0,0,0,0,12
150,"7",95,34,41,24,21,31,0,0,12,0,0,34,33,25,7,21,18,0,187,69,57,136,22,53,65,54,0,0,0,0,16
152,"7",41,24,25,8,15,17,0,0,21,0,0,37,65,33,10,28,13,0,147,35,68,119,43,41,83,76,0,0,0,0,10
154,"7",49,21,20,12,12,17,0,0,21,0,0,20,59,37,10,38,19,0,161,63,92,116,38,41,114,83,0,0,0,0,13
156,"7",61,33,31,18,19,29,0,0,23,0,0,14,51,37,9,32,13,0,123,50,66,117,36,44,117,68,0,0,0,0,8
158,"7",45,13,18,5,11,21,0,0,23,0,0,22,61,41,6,24,21,0,124,32,67,83,47,38,114,71,0,0,0,0,10
160,"7",67,32,25,13,10,31,0,0,21,0,0,21,43,39,9,22,8,0,95,46,77,94,42,27,120,60,0,0,0,0,3
162,"7",39,13,19,5,14,13,0,0,17,0,0,8,33,27,5,23,12,0,86,37,59,62,27,25,89,59,0,0,0,0,8
164,"7",33,26,9,4,6,14,0,0,15,0,0,16,54,22,12,19,9,0,80,21,50,71,17,14,86,46,0,0,0,0,4
166,"7",43,28,14,7,10,24,0,0,12,0,0,12,30,23,5,9,6,0,54,37,59,40,17,22,72,49,0,0,0,0,4
168,"7",29,13,7,4,7,6,0,0,7,0,0,4,44,29,1,9,10,0,35,25,37,36,16,9,69,36,0,0,0,0,2
170,"7",24,17,13,7,6,12,0,0,16,0,0,3,16,15,1,7,0,0,53,8,33,35,10,11,47,15,0,0,0,0,2
172,"7",8,7,3,3,8,4,0,0,15,0,0,2,17,11,0,7,2,0,28,13,21,24,2,10,26,16,0,0,0,0,1
174,"7",8,9,6,1,4,6,0,0,6,0,0,4,11,10,0,2,0,0,7,9,23,22,0,11,25,10,0,0,0,0,1
176,"7",6,5,5,0,4,5,0,0,7,0,0,1,5,12,0,0,0,0,15,4,10,15,2,3,24,12,0,0,0,0,2
178,"7",4,4,0,0,4,1,0,0,4,0,0,3,10,10,0,4,3,0,8,4,11,10,2,4,11,6,0,0,0,0,0
180,"7",6,1,0,2,6,1,0,0,6,0,0,0,5,5,1,0,0,0,9,2,7,6,1,5,10,0,0,0,0,0,0
182,"7",2,2,3,0,0,1,0,0,4,0,0,0,2,3,0,1,0,0,5,1,5,1,2,6,3,5,0,0,0,0,2
184,"7",0,1,0,1,2,0,0,0,2,0,0,0,0,1,0,0,0,0,2,0,1,3,0,3,1,0,0,0,0,0,0
186,"7",1,0,1,0,1,0,0,0,0,0,0,0,0,1,0,3,0,0,0,2,0,3,0,1,4,0,0,0,0,0,0
188,"7",1,0,0,0,2,0,0,0,4,0,0,0,1,0,0,0,0,0,1,1,1,0,0,0,0,1,0,0,0,0,0
190,"7",0,0,0,0,1,0,0,0,0,0,0,0,0,1,0,0,0,0,0,0,2,2,0,0,1,0,0,0,0,0,0
192,"7",0,1,0,0,0,0,0,0,0,0,0,0,0,2,0,0,0,0,0,0,1,1,0,0,1,0,0,0,0,0,0
194,"7",0,0,0,0,0,0,0,0,0,0,0,0,0,0,0,0,0,0,0,0,0,0,0,0,0,2,0,0,0,0,0
196,"7",0,0,0,0,0,0,0,0,0,0,0,0,0,0,0,0,0,0,0,0,0,0,0,0,2,0,0,0,0,0,0
198,"7",0,0,0,0,0,0,0,0,1,0,0,0,0,0,0,0,0,0,0,0,0,1,0,0,0,0,0,0,0,0,0
200,"7",0,0,0,0,0,0,0,0,0,0,0,0,0,0,0,0,0,0,0,0,0,1,0,0,0,0,0,0,0,0,0
202,"7",0,0,0,0,0,0,0,0,0,0,0,0,0,0,0,0,0,0,0,0,0,0,0,0,0,0,0,0,0,0,0
204,"7",0,0,0,0,0,0,0,0,0,0,0,0,0,0,0,0,0,0,0,0,0,0,0,0,0,0,0,0,0,0,0
206,"7",0,0,0,0,0,0,0,0,0,0,0,0,0,0,0,0,0,0,0,0,0,0,0,0,0,0,0,0,0,0,0
208,"7",0,0,0,0,0,0,0,0,0,0,0,0,0,0,0,0,0,0,0,0,0,0,0,0,0,0,0,0,0,0,0
210,"7",0,0,0,0,0,0,0,0,0,0,0,0,0,0,0,0,0,0,0,0,0,0,0,0,0,0,0,0,0,0,0
136,"8",0,0,0,0,1,0,0,0,0,0,0,1,0,0,0,0,0,0,2,3,0,0,0,0,0,0,0,0,0,0,0
138,"8",0,1,1,2,2,0,0,0,0,0,0,6,0,0,0,0,0,0,2,12,0,0,0,0,0,0,0,0,0,0,1
140,"8",5,3,18,9,25,0,0,0,0,0,0,12,8,1,0,3,0,3,15,29,0,0,0,0,0,0,0,0,0,0,1
142,"8",8,2,8,12,5,0,0,0,0,0,0,34,19,6,0,11,0,18,18,31,0,0,0,0,0,0,0,0,0,0,3
144,"8",6,2,9,9,15,0,0,0,0,0,0,40,15,11,0,17,2,20,30,41,0,0,0,0,0,0,0,0,0,0,8
146,"8",8,9,16,16,26,0,0,0,0,0,0,39,17,5,0,12,1,24,35,54,0,0,0,0,0,0,0,0,0,0,22
148,"8",5,6,7,6,12,0,0,0,0,0,0,63,14,10,0,11,3,13,43,76,0,0,0,0,0,0,0,0,0,0,16
150,"8",6,7,6,12,20,0,0,0,0,0,0,41,9,18,0,13,3,23,21,53,0,0,0,0,0,0,0,0,0,0,24
152,"8",6,6,1,17,15,0,0,0,0,0,0,38,13,13,0,22,3,20,34,62,0,0,0,0,0,0,0,0,0,0,23
154,"8",6,5,4,7,11,0,0,0,0,0,0,43,5,15,0,15,1,16,45,59,0,0,0,0,0,0,0,0,0,0,29
156,"8",12,7,12,16,14,0,0,0,0,0,0,41,7,20,0,14,7,12,37,65,0,0,0,0,0,0,0,0,0,0,19
158,"8",4,4,3,5,10,0,0,0,0,0,0,36,2,25,0,23,3,11,35,60,0,0,0,0,0,0,0,0,0,0,18
160,"8",5,5,7,10,10,0,0,0,0,0,0,30,1,29,0,16,10,9,34,62,0,0,0,0,0,0,0,0,0,0,16
162,"8",5,3,5,7,9,0,0,0,0,0,0,31,1,21,0,9,7,8,24,53,0,0,0,0,0,0,0,0,0,0,5
164,"8",6,4,1,7,5,0,0,0,0,0,0,35,0,38,0,7,7,8,21,46,0,0,0,0,0,0,0,0,0,0,20
166,"8",4,7,2,15,6,0,0,0,0,0,0,18,1,30,0,3,9,5,21,42,0,0,0,0,0,0,0,0,0,0,6
168,"8",5,4,0,7,2,0,0,0,0,0,0,19,0,20,0,9,6,4,15,39,0,0,0,0,0,0,0,0,0,0,8
170,"8",2,6,0,11,3,0,0,0,0,0,0,24,0,36,0,3,9,4,10,29,0,0,0,0,0,0,0,0,0,0,6
172,"8",3,3,0,4,4,0,0,0,0,0,0,13,0,21,0,5,8,0,13,26,0,0,0,0,0,0,0,0,0,0,5
174,"8",0,3,0,5,2,0,0,0,0,0,0,18,0,17,0,2,6,1,4,13,0,0,0,0,0,0,0,0,0,0,3
176,"8",1,6,0,9,2,0,0,0,0,0,0,11,0,17,0,3,3,1,14,13,0,0,0,0,0,0,0,0,0,0,3
178,"8",2,1,0,5,0,0,0,0,0,0,0,14,0,10,0,1,3,0,4,15,0,0,0,0,0,0,0,0,0,0,1
180,"8",0,1,0,2,0,0,0,0,0,0,0,4,0,12,0,0,3,0,7,5,0,0,0,0,0,0,0,0,0,0,0
182,"8",1,1,0,2,0,0,0,0,0,0,0,4,0,5,0,0,2,2,4,1,0,0,0,0,0,0,0,0,0,0,1
184,"8",0,2,0,0,0,0,0,0,0,0,0,1,0,4,0,0,0,0,2,1,0,0,0,0,0,0,0,0,0,0,2
186,"8",0,2,0,3,0,0,0,0,0,0,0,1,0,6,0,0,1,0,2,0,0,0,0,0,0,0,0,0,0,0,1
188,"8",0,0,0,0,0,0,0,0,0,0,0,1,0,1,0,0,0,1,1,1,0,0,0,0,0,0,0,0,0,0,1
190,"8",0,0,0,0,0,0,0,0,0,0,0,1,0,6,0,0,2,0,1,0,0,0,0,0,0,0,0,0,0,0,0
192,"8",0,0,0,1,0,0,0,0,0,0,0,1,0,0,0,0,0,0,2,0,0,0,0,0,0,0,0,0,0,0,0
194,"8",0,0,0,0,0,0,0,0,0,0,0,0,0,0,0,0,0,0,0,1,0,0,0,0,0,0,0,0,0,0,0
196,"8",0,0,0,0,0,0,0,0,0,0,0,0,0,2,0,0,0,0,1,0,0,0,0,0,0,0,0,0,0,0,0
198,"8",0,0,0,0,0,0,0,0,0,0,0,0,0,1,0,0,1,0,0,0,0,0,0,0,0,0,0,0,0,0,0
200,"8",0,0,0,0,0,0,0,0,0,0,0,0,0,0,0,0,0,0,1,0,0,0,0,0,0,0,0,0,0,0,0
202,"8",0,0,0,0,0,0,0,0,0,0,0,0,0,0,0,0,0,0,1,0,0,0,0,0,0,0,0,0,0,0,0
204,"8",0,0,0,0,0,0,0,0,0,0,0,0,0,0,0,0,0,0,0,0,0,0,0,0,0,0,0,0,0,0,0
206,"8",0,0,0,0,0,0,0,0,0,0,0,0,0,0,0,0,0,0,0,0,0,0,0,0,0,0,0,0,0,0,0
208,"8",0,0,0,0,0,0,0,0,0,0,0,0,0,0,0,0,0,0,0,0,0,0,0,0,0,0,0,0,0,0,0
210,"8",0,0,0,0,0,0,0,0,0,0,0,0,0,0,0,0,0,0,0,0,0,0,0,0,0,0,0,0,0,0,0
136,"9",0,0,3,0,0,0,0,0,0,0,0,2,0,1,1,0,0,0,10,2,9,17,4,0,2,0,0,0,0,0,1
138,"9",3,1,4,2,1,0,0,0,0,0,0,6,3,8,2,0,0,0,37,11,7,28,15,0,10,0,0,0,0,0,0
140,"9",7,1,39,25,21,12,0,0,0,0,0,18,18,75,13,18,9,3,154,30,35,57,35,18,27,5,0,0,0,0,1
142,"9",3,3,20,27,22,14,0,0,0,0,0,30,57,107,27,48,27,10,254,49,53,87,52,30,77,21,0,0,0,0,3
144,"9",9,4,25,24,17,20,0,0,0,0,0,38,63,124,50,60,49,8,303,72,70,120,69,40,151,46,0,0,0,0,16
146,"9",16,9,27,43,36,17,0,0,0,0,0,53,66,156,55,88,42,16,323,89,87,147,88,57,152,49,0,0,0,0,42
148,"9",9,7,24,17,28,11,0,0,0,0,0,56,82,149,45,71,54,18,353,96,83,163,105,64,181,65,0,0,0,0,42
150,"9",18,10,34,30,44,26,0,0,0,0,0,74,85,171,44,95,67,14,383,122,86,143,94,67,229,99,0,0,0,0,45
152,"9",8,8,15,17,22,14,0,0,0,0,0,71,94,162,56,90,65,14,387,139,84,139,118,61,197,98,0,0,0,0,44
154,"9",12,6,14,19,21,12,0,0,0,0,0,86,92,190,65,104,88,16,384,101,85,137,91,74,200,113,0,0,0,0,34
156,"9",22,5,23,20,45,21,0,0,0,0,0,87,98,186,63,120,91,14,409,99,58,162,104,48,186,156,0,0,0,0,38
158,"9",14,7,12,17,24,10,0,0,0,0,0,95,95,164,81,87,82,17,337,138,73,112,92,70,174,153,0,0,0,0,15
160,"9",25,6,16,16,35,11,0,0,0,0,0,100,87,144,57,118,73,10,331,118,38,109,105,46,162,163,0,0,0,0,17
162,"9",12,5,10,12,19,5,0,0,0,0,0,86,125,99,57,102,93,17,278,108,48,100,77,35,154,135,0,0,0,0,6
164,"9",11,3,8,6,7,6,0,0,0,0,0,80,131,127,35,77,60,10,257,106,35,68,48,33,110,113,0,0,0,0,7
166,"9",6,10,8,10,22,6,0,0,0,0,0,77,96,91,38,84,60,4,212,81,42,63,61,44,101,81,0,0,0,0,10
168,"9",10,3,3,3,6,3,0,0,0,0,0,45,92,69,24,63,56,9,183,78,28,48,38,31,80,92,0,0,0,0,6
170,"9",3,3,6,3,6,5,0,0,0,0,0,57,58,55,26,46,58,5,135,62,18,43,28,25,62,65,0,0,0,0,10
172,"9",5,2,1,3,10,0,0,0,0,0,0,27,62,30,12,34,66,6,103,42,13,38,29,12,42,39,0,0,0,0,7
174,"9",4,2,2,2,0,1,0,0,0,0,0,28,51,33,9,26,32,1,71,42,13,26,14,13,31,32,0,0,0,0,1
176,"9",2,1,3,3,8,4,0,0,0,0,0,15,59,20,16,22,24,1,48,23,8,15,11,6,22,24,0,0,0,0,2
178,"9",1,1,0,1,1,0,0,0,0,0,0,14,37,22,3,16,20,3,36,34,4,19,10,8,12,21,0,0,0,0,3
180,"9",0,1,2,0,2,1,0,0,0,0,0,11,23,13,8,17,13,1,22,21,7,17,4,4,12,9,0,0,0,0,2
182,"9",0,0,0,0,2,0,0,0,0,0,0,4,12,2,4,5,19,1,20,9,2,11,2,6,6,6,0,0,0,0,1
184,"9",0,0,0,0,1,1,0,0,0,0,0,5,10,5,2,7,8,1,10,10,0,8,2,5,3,3,0,0,0,0,1
186,"9",0,1,1,0,0,0,0,0,0,0,0,4,7,0,2,2,5,1,5,5,1,4,0,0,3,6,0,0,0,0,0
188,"9",0,0,0,0,0,0,0,0,0,0,0,3,7,1,0,3,6,0,5,7,1,3,1,1,3,0,0,0,0,0,0
190,"9",0,1,0,0,0,0,0,0,0,0,0,1,5,2,0,1,1,0,1,2,4,3,0,0,1,1,0,0,0,0,0
192,"9",0,0,0,0,0,0,0,0,0,0,0,0,2,5,0,0,0,0,2,3,1,0,0,0,1,3,0,0,0,0,0
194,"9",0,0,0,0,0,0,0,0,0,0,0,0,2,1,0,0,0,0,0,2,1,0,0,0,2,1,0,0,0,0,0
196,"9",0,0,0,0,0,0,0,0,0,0,0,0,0,1,0,0,1,0,3,1,0,0,1,0,1,1,0,0,0,0,0
198,"9",0,0,0,0,0,0,0,0,0,0,0,0,0,0,0,0,1,0,2,0,0,1,0,0,0,0,0,0,0,0,0
200,"9",0,0,0,0,0,0,0,0,0,0,0,0,0,0,0,0,0,0,0,0,0,0,0,0,0,0,0,0,0,0,0
202,"9",0,0,0,0,0,0,0,0,0,0,0,0,0,0,0,0,0,0,0,0,0,0,0,1,0,0,0,0,0,0,0
204,"9",0,0,0,0,0,0,0,0,0,0,0,0,0,0,0,0,0,0,1,0,0,0,0,0,0,0,0,0,0,0,0
206,"9",0,0,0,0,0,0,0,0,0,0,0,0,0,0,0,0,0,0,0,0,0,0,0,0,0,0,0,0,0,0,0
208,"9",0,0,0,0,0,0,0,0,0,0,0,0,1,0,0,0,0,0,1,0,0,0,0,0,1,0,0,0,0,0,0
210,"9",0,0,0,0,0,0,0,0,0,0,0,0,0,0,0,0,0,0,0,1,0,0,0,0,0,0,0,0,0,0,0
136,"10",0,0,0,0,0,0,0,0,0,0,0,0,0,0,0,0,0,0,1,1,2,7,0,0,0,0,0,0,0,0,0
138,"10",1,0,1,1,0,0,0,0,0,0,0,0,0,2,0,1,0,0,4,3,6,10,3,3,0,0,0,0,0,0,0
140,"10",6,0,5,2,0,0,0,0,0,0,0,0,8,2,2,5,2,0,15,11,7,47,14,11,14,0,0,0,0,0,0
142,"10",7,0,3,5,0,0,0,0,0,0,0,2,21,1,0,19,8,5,33,13,17,68,24,27,43,0,0,0,0,0,0
144,"10",3,0,5,5,0,0,0,0,0,0,0,2,22,7,1,12,13,8,40,13,25,86,31,42,51,0,0,0,0,0,6
146,"10",5,0,9,7,0,0,0,0,0,0,0,6,29,6,1,16,12,12,47,14,41,90,28,44,64,0,0,0,0,0,22
148,"10",5,0,3,3,0,0,0,0,0,0,0,6,29,7,2,15,15,9,61,18,37,109,47,47,91,0,0,0,0,0,41
150,"10",10,0,15,13,0,0,0,0,0,0,0,1,23,9,3,21,17,19,66,24,31,81,38,39,86,0,0,0,0,0,46
152,"10",3,0,4,3,0,0,0,0,0,0,0,16,29,18,2,17,26,17,72,18,39,96,48,62,118,0,0,0,0,0,47
154,"10",8,0,6,9,0,0,0,0,0,0,0,16,32,22,4,26,30,26,94,16,38,101,49,64,128,0,0,0,0,0,59
156,"10",8,0,14,7,0,0,0,0,0,0,0,21,14,24,5,45,23,22,89,23,44,88,33,73,124,0,0,0,0,0,45
158,"10",4,0,5,7,0,0,0,0,0,0,0,19,32,24,4,21,28,26,80,12,45,103,38,81,147,0,0,0,0,0,50
160,"10",6,0,8,9,0,0,0,0,0,0,0,28,23,38,8,27,36,19,97,14,47,96,35,87,120,0,0,0,0,0,37
162,"10",4,0,5,9,0,0,0,0,0,0,0,29,29,42,6,21,42,27,79,4,37,75,34,89,103,0,0,0,0,0,28
164,"10",4,0,4,2,0,0,0,0,0,0,0,16,21,41,6,19,27,20,92,5,33,64,29,86,113,0,0,0,0,0,22
166,"10",10,0,6,7,0,0,0,0,0,0,0,21,23,38,7,27,27,26,80,5,23,65,25,100,95,0,0,0,0,0,21
168,"10",3,0,2,0,0,0,0,0,0,0,0,29,16,24,11,13,22,14,63,3,27,43,17,98,92,0,0,0,0,0,21
170,"10",4,0,1,8,0,0,0,0,0,0,0,28,10,26,11,22,18,14,70,1,22,33,22,81,78,0,0,0,0,0,15
172,"10",1,0,1,1,0,0,0,0,0,0,0,15,9,19,6,8,15,9,60,0,22,29,13,69,47,0,0,0,0,0,15
174,"10",1,0,0,0,0,0,0,0,0,0,0,14,15,12,8,9,12,8,35,1,16,28,9,77,53,0,0,0,0,0,11
176,"10",1,0,3,0,0,0,0,0,0,0,0,13,8,10,8,9,9,8,36,0,14,22,12,69,41,0,0,0,0,0,10
178,"10",3,0,0,1,0,0,0,0,0,0,0,5,7,9,1,9,5,5,28,0,4,18,6,51,18,0,0,0,0,0,11
180,"10",2,0,0,0,0,0,0,0,0,0,0,4,3,3,4,11,5,2,12,1,8,8,5,41,18,0,0,0,0,0,7
182,"10",0,0,0,0,0,0,0,0,0,0,0,2,5,3,2,6,2,1,18,0,8,10,3,43,15,0,0,0,0,0,4
184,"10",0,0,0,0,0,0,0,0,0,0,0,3,10,3,0,5,3,0,7,0,5,3,5,18,5,0,0,0,0,0,6
186,"10",0,0,0,1,0,0,0,0,0,0,0,1,2,0,1,5,0,0,10,0,5,2,3,23,4,0,0,0,0,0,3
188,"10",0,0,0,0,0,0,0,0,0,0,0,3,3,2,0,3,0,0,7,0,2,5,2,10,11,0,0,0,0,0,0
190,"10",1,0,0,0,0,0,0,0,0,0,0,0,3,0,0,0,0,0,4,0,1,5,3,17,11,0,0,0,0,0,0
192,"10",0,0,0,0,0,0,0,0,0,0,0,0,0,0,0,2,0,0,2,0,1,1,3,11,4,0,0,0,0,0,1
194,"10",0,0,0,0,0,0,0,0,0,0,0,0,0,0,0,0,0,0,0,0,0,0,1,7,3,0,0,0,0,0,0
196,"10",0,0,0,0,0,0,0,0,0,0,0,0,0,0,0,1,0,0,0,0,0,1,0,2,2,0,0,0,0,0,1
198,"10",0,0,0,0,0,0,0,0,0,0,0,0,0,0,0,0,0,0,1,0,0,0,0,3,1,0,0,0,0,0,0
200,"10",0,0,0,0,0,0,0,0,0,0,0,0,0,0,0,0,0,0,0,0,0,1,0,4,0,0,0,0,0,0,0
202,"10",0,0,0,0,0,0,0,0,0,0,0,0,0,0,0,0,0,0,0,0,0,1,0,3,1,0,0,0,0,0,0
204,"10",0,0,0,0,0,0,0,0,0,0,0,0,0,0,0,0,0,0,0,0,0,0,0,1,0,0,0,0,0,0,0
206,"10",0,0,0,0,0,0,0,0,0,0,0,0,0,0,0,0,0,0,0,0,0,0,0,1,0,0,0,0,0,0,1
208,"10",0,0,0,0,0,0,0,0,0,0,0,0,0,0,0,0,0,0,0,0,0,0,0,0,0,0,0,0,0,0,0
210,"10",0,0,0,0,0,0,0,0,0,0,0,0,0,0,0,0,0,0,0,0,0,0,0,2,0,0,0,0,0,0,0
136,"11",0,0,0,0,2,0,0,0,0,0,0,0,0,0,0,0,0,0,5,5,9,21,19,5,1,0,0,0,0,0,2
138,"11",1,0,0,2,4,0,0,0,0,0,1,0,1,1,1,0,0,2,7,3,19,39,23,24,4,0,0,0,0,0,5
140,"11",11,0,0,5,23,1,0,0,0,0,4,4,9,3,10,2,1,11,30,16,61,102,66,80,51,3,0,0,0,0,6
142,"11",13,0,0,9,16,1,0,0,0,0,8,5,15,11,17,3,1,30,66,28,94,146,106,152,104,20,0,0,0,0,9
144,"11",14,0,0,9,21,2,0,0,0,0,5,21,6,14,19,7,4,39,64,31,100,183,106,198,154,47,0,0,0,0,32
146,"11",23,0,0,17,46,4,0,0,0,0,11,18,11,17,27,11,11,44,92,48,143,198,124,217,196,62,0,0,0,0,80
148,"11",12,0,0,12,27,1,0,0,0,0,7,17,19,17,15,17,10,47,105,36,149,193,148,261,217,83,0,0,0,0,121
150,"11",19,0,0,18,33,10,0,0,0,0,17,23,14,17,24,6,16,62,124,37,137,212,166,294,244,94,0,0,0,0,120
152,"11",21,0,0,8,34,8,0,0,0,0,10,21,20,22,25,15,11,57,112,33,143,199,162,291,267,114,0,0,0,0,132
154,"11",18,0,0,11,24,5,0,0,0,0,16,23,15,18,26,19,17,63,113,47,129,223,173,299,253,124,0,0,0,0,148
156,"11",20,0,0,17,37,7,0,0,0,0,14,21,11,27,20,25,10,54,113,41,130,181,163,289,263,133,0,0,0,0,139
158,"11",14,0,0,13,17,5,0,0,0,0,10,21,11,16,25,13,21,62,119,43,136,190,185,349,270,101,0,0,0,0,155
160,"11",26,0,0,21,30,10,0,0,0,0,5,23,9,13,17,23,11,58,108,27,114,151,166,290,209,126,0,0,0,0,130
162,"11",15,0,0,11,19,8,0,0,0,0,13,19,14,14,27,22,20,43,91,24,101,130,145,254,197,105,0,0,0,0,115
164,"11",14,0,0,4,12,5,0,0,0,0,4,22,14,22,8,14,16,55,76,25,102,102,164,256,181,114,0,0,0,0,106
166,"11",16,0,0,9,22,8,0,0,0,0,4,16,8,17,9,19,10,47,65,19,74,104,127,225,150,93,0,0,0,0,94
168,"11",7,0,0,7,8,6,0,0,0,0,3,13,13,17,5,21,12,27,46,10,68,74,144,176,130,51,0,0,0,0,91
170,"11",18,0,0,11,10,8,0,0,0,0,3,9,1,20,3,23,4,24,42,8,51,68,96,168,92,71,0,0,0,0,73
172,"11",7,0,0,7,1,2,0,0,0,0,6,6,8,14,3,8,4,16,24,7,45,59,104,140,80,46,0,0,0,0,68
174,"11",9,0,0,3,3,3,0,0,0,0,3,9,2,9,11,11,8,12,27,2,23,39,77,101,59,36,0,0,0,0,43
176,"11",6,0,0,2,4,0,0,0,0,0,1,8,4,2,0,13,4,6,17,1,29,37,61,99,56,17,0,0,0,0,34
178,"11",4,0,0,1,1,1,0,0,0,0,1,2,6,6,4,11,3,3,15,4,17,27,55,55,34,15,0,0,0,0,37
180,"11",5,0,0,2,1,1,0,0,0,0,4,6,4,1,1,1,1,6,9,3,10,12,38,59,24,18,0,0,0,0,24
182,"11",0,0,0,1,0,1,0,0,0,0,0,2,2,1,3,9,1,3,4,1,4,12,22,29,23,5,0,0,0,0,17
184,"11",5,0,0,0,3,1,0,0,0,0,0,0,0,1,0,3,2,0,2,1,4,7,24,30,9,7,0,0,0,0,7
186,"11",1,0,0,0,1,1,0,0,0,0,0,0,0,0,0,4,1,0,4,0,5,7,13,22,12,7,0,0,0,0,8
188,"11",1,0,0,0,0,0,0,0,0,0,0,1,1,0,0,0,2,0,0,0,4,3,17,20,10,1,0,0,0,0,6
190,"11",0,0,0,0,0,1,0,0,0,0,1,0,0,0,0,2,0,1,3,1,0,3,11,16,3,1,0,0,0,0,2
192,"11",0,0,0,0,0,0,0,0,0,0,0,0,0,0,0,1,0,0,0,0,0,1,6,5,5,1,0,0,0,0,1
194,"11",0,0,0,0,0,0,0,0,0,0,0,0,0,0,0,0,0,0,1,0,0,3,1,6,1,5,0,0,0,0,1
196,"11",0,0,0,0,0,0,0,0,0,0,0,0,0,0,0,0,0,0,0,0,1,0,1,5,1,0,0,0,0,0,2
198,"11",0,0,0,0,0,0,0,0,0,0,0,0,0,0,0,0,0,1,0,0,2,1,3,0,2,0,0,0,0,0,3
200,"11",0,0,0,0,0,0,0,0,0,0,0,0,0,0,0,0,0,0,0,0,0,0,0,2,1,0,0,0,0,0,0
202,"11",0,0,0,0,0,0,0,0,0,0,0,0,0,0,0,0,0,0,0,0,0,0,5,0,2,0,0,0,0,0,1
204,"11",0,0,0,0,0,0,0,0,0,0,0,0,0,0,0,0,0,0,0,0,0,0,2,0,1,1,0,0,0,0,0
206,"11",0,0,0,0,0,0,0,0,0,0,0,0,0,0,0,0,0,0,0,0,0,0,0,2,1,0,0,0,0,0,0
208,"11",0,0,0,0,0,0,0,0,0,0,0,0,0,0,0,0,0,0,0,0,0,0,0,0,0,0,0,0,0,0,0
210,"11",0,0,0,0,0,0,0,0,0,0,0,0,0,0,0,0,0,0,0,0,0,0,0,0,0,0,0,0,0,0,0
136,"12",0,1,0,1,0,0,0,0,3,10,0,0,0,0,0,3,0,0,2,45,27,62,26,9,2,0,0,0,0,0,3
138,"12",1,1,0,3,1,2,0,0,2,11,0,9,4,4,1,12,3,6,15,76,73,167,61,26,10,0,1,0,0,4,8
140,"12",3,8,3,22,10,10,0,0,5,14,5,33,14,21,9,46,55,33,64,212,190,383,159,184,112,22,5,0,0,5,15
142,"12",5,12,3,32,14,13,0,0,5,32,8,36,15,34,24,95,123,50,83,335,260,544,285,310,229,74,8,0,0,9,43
144,"12",5,11,4,28,5,13,0,0,14,48,4,63,15,51,13,112,161,66,95,353,322,576,336,413,297,110,12,0,0,17,151
146,"12",7,15,3,58,20,20,0,0,13,50,9,78,19,56,23,105,163,62,94,372,337,609,350,422,407,142,6,0,0,35,416
148,"12",12,18,4,32,12,16,0,0,20,60,16,103,36,62,28,124,167,60,98,377,385,653,430,448,487,179,12,0,0,43,547
150,"12",11,16,8,56,22,13,0,0,20,68,14,119,27,63,33,102,157,58,83,376,362,630,426,490,596,208,8,0,0,42,613
152,"12",11,14,6,40,15,13,0,0,24,62,10,121,40,69,43,105,127,82,89,333,358,616,414,492,716,287,9,0,0,38,623
154,"12",8,17,9,35,21,9,0,0,30,55,16,131,40,99,52,100,164,54,71,347,383,586,479,560,737,299,6,0,0,28,694
156,"12",8,22,6,60,33,29,0,0,29,65,18,128,44,86,39,78,154,59,68,328,325,537,441,509,787,342,3,0,0,47,650
158,"12",4,6,9,31,11,19,0,0,25,61,19,118,49,100,39,89,132,62,74,317,306,526,492,491,779,352,6,0,0,35,581
160,"12",10,15,10,54,27,23,0,0,20,61,14,97,38,99,56,75,148,55,62,278,291,433,462,437,807,319,4,0,0,31,553
162,"12",2,6,3,35,22,22,0,0,26,38,9,111,33,81,46,86,138,48,36,252,256,372,408,399,706,309,2,0,0,38,453
164,"12",2,4,6,18,17,16,0,0,18,52,18,108,34,88,53,63,100,54,40,176,246,349,334,338,627,281,7,0,0,28,432
166,"12",3,8,6,24,24,27,0,0,13,40,11,77,22,70,36,52,99,33,21,161,194,292,299,326,565,248,4,0,0,20,391
168,"12",2,7,2,14,7,7,0,0,11,28,7,70,22,63,42,56,77,23,30,148,171,238,266,276,484,252,0,0,0,17,308
170,"12",2,5,5,17,10,16,0,0,23,21,5,68,12,45,33,34,60,21,24,119,159,197,237,238,400,147,0,0,0,21,234
172,"12",1,9,8,12,12,6,0,0,13,25,2,47,11,27,30,40,45,18,13,74,126,120,167,178,304,128,0,0,0,13,165
174,"12",2,1,2,4,7,4,0,0,8,15,4,33,4,26,23,25,31,14,8,57,91,98,158,149,220,121,2,0,0,7,165
176,"12",1,0,2,10,5,9,0,0,8,14,1,26,2,22,17,20,30,17,7,45,68,92,135,126,190,96,2,0,0,6,110
178,"12",0,1,0,4,1,1,0,0,4,16,0,17,8,9,8,13,33,10,6,29,40,55,94,103,128,64,1,0,0,4,85
180,"12",0,1,0,4,1,6,0,0,5,6,0,18,3,8,10,7,12,4,4,29,37,46,78,79,90,47,0,0,0,5,52
182,"12",0,0,1,2,0,2,0,0,3,8,0,10,1,10,5,7,9,2,3,21,22,36,49,45,82,30,1,0,0,3,39
184,"12",0,1,0,1,0,2,0,0,1,5,0,8,0,3,6,8,8,4,4,19,16,19,33,40,61,22,1,0,0,0,31
186,"12",0,1,0,0,0,0,0,0,0,3,0,5,0,3,5,4,0,5,1,6,14,14,26,27,29,24,0,0,0,0,20
188,"12",0,0,0,1,0,0,0,0,2,4,0,3,0,2,0,0,2,1,0,2,11,4,11,35,29,9,1,0,0,0,10
190,"12",0,0,0,1,0,0,0,0,0,1,0,2,1,0,0,2,1,0,0,2,5,3,13,29,20,7,0,0,0,1,7
192,"12",0,0,0,0,1,1,0,0,0,2,0,2,0,0,0,2,2,0,0,2,3,2,8,16,21,8,0,0,0,0,8
194,"12",0,0,0,0,0,0,0,0,0,3,0,2,0,0,0,1,0,0,1,0,0,6,7,9,9,4,0,0,0,2,8
196,"12",0,0,0,0,0,1,0,0,0,1,0,1,0,0,2,0,0,0,0,0,0,3,9,7,10,1,0,0,0,0,0
198,"12",0,0,0,0,0,0,0,0,0,0,0,0,0,0,0,0,0,0,0,0,1,1,1,7,4,2,0,0,0,0,4
200,"12",0,0,0,0,0,0,0,0,0,0,0,0,0,0,0,0,1,0,0,0,1,0,1,6,3,2,0,0,0,0,4
202,"12",0,0,0,0,0,0,0,0,0,0,0,0,0,0,0,0,0,1,0,0,2,1,1,4,4,3,0,0,0,0,0
204,"12",0,0,0,0,0,0,0,0,0,0,0,0,0,0,0,0,0,0,0,0,0,1,0,2,2,1,0,0,0,0,0
206,"12",0,0,0,0,0,0,0,0,0,0,0,0,0,0,0,0,0,0,0,0,0,0,0,2,4,0,0,0,0,0,1
208,"12",0,0,0,0,0,0,0,0,0,0,0,0,0,0,0,0,0,0,0,0,0,0,0,0,0,1,0,0,0,0,0
210,"12",0,0,0,0,0,0,0,0,0,0,0,0,0,0,0,0,0,0,0,0,0,0,0,3,2,0,0,0,0,0,0
136,"13",0,0,0,0,0,0,0,0,0,0,0,0,0,1,0,1,0,1,3,22,6,5,8,4,1,0,0,0,0,0,3
138,"13",0,0,0,0,0,0,0,0,0,0,0,3,4,10,2,6,7,5,15,42,20,26,26,4,3,0,0,0,0,0,4
140,"13",0,0,0,0,0,0,0,0,0,0,1,17,20,31,15,58,67,41,31,90,27,73,84,72,30,8,0,0,0,0,3
142,"13",0,0,0,0,0,0,0,0,0,0,9,31,28,28,22,93,189,68,62,114,42,92,121,97,53,19,0,0,0,0,7
144,"13",0,0,0,0,0,0,0,0,0,0,6,46,29,36,32,101,218,60,66,147,51,120,120,109,65,20,0,0,0,0,30
146,"13",0,0,0,0,0,0,0,0,0,0,3,48,37,40,29,98,162,99,79,146,63,87,137,124,108,29,0,0,0,0,80
148,"13",0,0,0,0,0,0,0,0,0,0,7,57,32,34,24,105,203,91,76,145,65,113,114,117,99,33,0,0,0,0,88
150,"13",0,0,0,0,0,0,0,0,0,0,9,51,21,34,18,89,185,88,70,176,64,92,151,109,124,43,0,0,0,0,90
152,"13",0,0,0,0,0,0,0,0,0,0,5,38,25,46,40,97,196,98,55,160,65,106,124,128,153,37,0,0,0,0,91
154,"13",0,0,0,0,0,0,0,0,0,0,9,47,27,75,31,82,184,73,62,128,60,89,123,109,141,34,0,0,0,0,105
156,"13",0,0,0,0,0,0,0,0,0,0,17,74,32,57,45,84,134,70,49,90,56,89,95,151,166,40,0,0,0,0,93
158,"13",0,0,0,0,0,0,0,0,0,0,6,79,22,47,36,65,135,56,45,83,50,71,90,105,148,50,0,0,0,0,89
160,"13",0,0,0,0,0,0,0,0,0,0,6,62,10,46,41,55,105,44,52,70,48,88,69,124,126,27,0,0,0,0,83
162,"13",0,0,0,0,0,0,0,0,0,0,4,56,22,35,40,59,115,47,42,80,39,90,60,115,110,43,0,0,0,0,67
164,"13",0,0,0,0,0,0,0,0,0,0,6,41,28,42,50,36,83,35,41,52,35,68,41,110,94,34,0,0,0,0,48
166,"13",0,0,0,0,0,0,0,0,0,0,6,43,25,28,50,54,81,31,29,53,32,62,50,73,85,20,0,0,0,0,46
168,"13",0,0,0,0,0,0,0,0,0,0,0,33,24,30,37,16,58,19,35,41,23,48,39,76,70,18,0,0,0,0,45
170,"13",0,0,0,0,0,0,0,0,0,0,5,23,26,26,22,22,55,15,20,40,20,43,27,74,60,16,0,0,0,0,20
172,"13",0,0,0,0,0,0,0,0,0,0,3,24,27,16,21,23,47,14,19,29,11,37,29,49,43,10,0,0,0,0,21
174,"13",0,0,0,0,0,0,0,0,0,0,0,20,15,14,16,12,28,14,13,12,7,30,22,67,37,4,0,0,0,0,20
176,"13",0,0,0,0,0,0,0,0,0,0,2,16,10,12,14,8,26,11,13,16,4,22,11,49,22,6,0,0,0,0,16
178,"13",0,0,0,0,0,0,0,0,0,0,3,11,12,8,9,5,19,7,3,14,5,11,12,30,19,2,0,0,0,0,11
180,"13",0,0,0,0,0,0,0,0,0,0,1,6,8,3,6,4,13,6,4,9,1,10,6,18,23,2,0,0,0,0,10
182,"13",0,0,0,0,0,0,0,0,0,0,0,6,5,7,0,4,10,1,5,9,1,7,7,21,10,1,0,0,0,0,5
184,"13",0,0,0,0,0,0,0,0,0,0,0,4,2,5,5,0,6,2,3,3,1,3,5,19,5,1,0,0,0,0,5
186,"13",0,0,0,0,0,0,0,0,0,0,0,3,2,2,1,2,1,0,2,3,0,6,4,16,4,3,0,0,0,0,2
188,"13",0,0,0,0,0,0,0,0,0,0,0,1,0,0,1,2,0,0,5,2,0,1,4,11,3,0,0,0,0,0,1
190,"13",0,0,0,0,0,0,0,0,0,0,0,0,1,1,1,0,0,1,0,0,0,2,2,1,4,0,0,0,0,0,1
192,"13",0,0,0,0,0,0,0,0,0,0,0,0,0,0,0,0,2,0,0,4,0,1,4,3,1,0,0,0,0,0,2
194,"13",0,0,0,0,0,0,0,0,0,0,0,0,0,0,0,0,0,0,0,1,0,0,0,8,0,0,0,0,0,0,1
196,"13",0,0,0,0,0,0,0,0,0,0,0,0,1,0,1,0,0,0,0,1,0,2,0,2,1,0,0,0,0,0,0
198,"13",0,0,0,0,0,0,0,0,0,0,0,1,0,0,0,0,0,0,0,0,0,1,1,2,3,0,0,0,0,0,0
200,"13",0,0,0,0,0,0,0,0,0,0,0,0,0,0,0,0,0,0,0,0,0,0,0,0,1,0,0,0,0,0,0
202,"13",0,0,0,0,0,0,0,0,0,0,0,0,0,0,0,0,0,0,0,0,0,0,0,2,2,0,0,0,0,0,0
204,"13",0,0,0,0,0,0,0,0,0,0,0,0,0,0,0,0,0,0,0,0,0,0,0,2,1,0,0,0,0,0,0
206,"13",0,0,0,0,0,0,0,0,0,0,0,0,1,0,0,0,0,0,0,0,0,1,0,0,2,0,0,0,0,0,1
208,"13",0,0,0,0,0,0,0,0,0,0,0,0,0,0,0,0,0,0,0,0,0,0,1,0,0,0,0,0,0,0,0
210,"13",0,0,0,0,0,0,0,0,0,0,0,0,0,0,0,0,0,0,0,0,0,0,0,0,0,0,0,0,0,0,1
